smiles,measured log solubility in mols per litre
N#CC(OC1OC(COC2OC(CO)C(O)C(O)C2O)C(O)C(O)C1O)C1:C:C:C:C:C:1,-0.77
CC1:O:C:C:C:1C(=O)NC1:C:C:C:C:C:1,-3.3
CC(C)=CCCC(C)=CC=O,-2.06
C1:C:C:C2:C(:C:1):C:C:C1:C:2:C:C:C2:C3:C:C:C:C:C:3:C:C:C:2:1,-7.87
C1:C:C:S:C:1,-1.33
C1:C:C:C2:S:C:N:C:2:C:1,-1.5
ClC1:C:C(Cl):C(C2:C(Cl):C:C:C:C:2Cl):C(Cl):C:1,-7.32
CC12CCC3C4:C:C:C(O):C:C:4CCC3C1CCC2O,-5.03
ClC1=C(Cl)C2(Cl)C3C4CC(C5OC45)C3C1(Cl)C2(Cl)Cl,-6.29
C=C(C)C1CC2:C(:C:C:C3:C:2OC2COC4:C:C(OC):C(OC):C:C:4C2C3=O)O1,-4.42
O=C1CCCN1,1.07
ClC1:C:C:C2:C:C:C:C:C:2:C:1,-4.14
C=CCCC,-2.68
CCC1(C2:C:C:C:C:C:2)C(=O)NCNC1=O,-2.64
CCCCCCCCCCCCCC,-7.96
CC(C)Cl,-1.41
CCC(C)CO,-0.47
N#CC1:C:C:C:C:C:1,-1
CCOP(=S)(OCC)OC1:C:C(C):N:C(C(C)C):N:1,-3.64
CCCCCCCCCC(C)O,-2.94
ClC1:C:C:C(C2:C(Cl):C:C:C(Cl):C:2Cl):C(Cl):C:1,-7.43
O=C1:[NH]:C2:C(:C(=O):N:1C1CCCCC1)CCC2,-4.594
CCOP(=S)(OCC)SCSCC,-4.11
CCOC1:C:C:C(NC(C)=O):C:C:1,-2.35
CCN(CC)C1:C([N+](=O)[O-]):C:C(C(F)(F)F):C(N):C:1[N+](=O)[O-],-5.47
CCCCCCCO,-1.81
CN1:C(=O):C2:[NH]:C:N:C:2:N(C):C:1=O,-1.39
CCCCC1(CC)C(=O)NC(=O)NC1=O,-1.661
ClC(Cl)=C(C1:C:C:C(Cl):C:C:1)C1:C:C:C(Cl):C:C:1,-6.9
CCCCCCCC(=O)OC,-3.17
CCC1:C:C:C(CC):C:C:1,-3.75
CCOP(=S)(OCC)SCSC(C)(C)C,-4.755
COC(=O)NC1:C:C:C:C(OC(=O)NC2:C:C:C:C(C):C:2):C:1,-4.805
C=C(Cl)Cl,-1.64
CC1:C:C:C:C2:C:1CC1:C:C:C:C:C:12,-5.22
CCCCC=O,-0.85
C1:C:C:C(NC2:C:C:C:C:C:2):C:C:1,-3.504
CN(C)C(=O)SCCCCOC1:C:C:C:C:C:1,-3.927
CCCOP(=S)(OCCC)SCC(=O)N1CCCCC1C,-4.15
CCCCCCCI,-4.81
ClC1:C:C:C:C(C2:C:C:C:C:C:2):C:1,-4.88
C=CCCCO,-0.15
O=C1NC(=O)C2(CCC2)C(=O)N1,-1.655
CC1CCC(C(C)C)C(O)C1,-2.53
CC(C)OC=O,-0.63
CCCCCC(C)O,-1.55
CC(=O)NC1:C:C:C(Br):C:C:1,-3.083
NC1:C:N:N(C2:C:C:C:C:C:2):C(=O):C:1Br,-3.127
COC(=O)C1=C(C)NC(C)=C(C(=O)OC)C1C1:C:C:C:C:C:1[N+](=O)[O-],-4.76
CC1:C:C:C2:C:C:C(C):N:C:2:C:1,-1.94
C#CCCCCCC,-3.66
CCC1(C2=CCCCC2)C(=O)NC(=O)NC1=O,-2.17
C1:C:C:C2:C(:C:1):C:C:C1:C3:C:C:C:C:C:3:C:C:C:2:1,-8.057
CCC(C)N1:C(=O):[NH]:C(C):C(Br):C:1=O,-2.523
ClC1:C:C:C:C(C2:C(Cl):C(Cl):C:C(Cl):C:2Cl):C:1Cl,-8.6
CC1:C:C:C:C:C:1O,-0.62
CC(C)CCC(C)(C)C,-5.05
CC1:C:C:C(C):C2:C:C:C:C:C:1:2,-4.14
CC1:C:C2:C3:C:C:C:C:C:3:C:C:C:2:C2:C:C:C:C:C:1:2,-6.57
CCCC(C)=O,-0.19
ClC1:C:C(Cl):C(Cl):C(C2:C(Cl):C(Cl):C:C(Cl):C:2Cl):C:1Cl,-9.15
CCCOC(=O)CC,-0.82
CC12C=CC(=O)C=C1CCC1C3CC(O)C(O)(C(=O)CO)C3(C)CC(O)C12F,-3.68
NC1:C:C:C(O):C:C:1,-0.8
O=C(CN1:C:C:N:C:1[N+](=O)[O-])NCC1:C:C:C:C:C:1,-2.81
O=C1C(O)=C(C2CCC(C3:C:C:C(Cl):C:C:3)CC2)C(=O)C2:C:C:C:C:C:21,-5.931
CCNC1:N:C(Cl):N:C(N(CC)CC):N:1,-4.06
NC(=O)C1:C:N:C:C:N:1,-0.667
CCC(Br)(CC)C(=O)NC(N)=O,-2.68
ClC1:C:C:C:C:C:1C1:C:C:C:C:C:1Cl,-5.27
O=C1CN(N=CC2:C:C:C([N+](=O)[O-]):O:2)C(=O)N1,-3.38
O=[N+]([O-])C1:C:C:C(OC2:C:C:C(Cl):C:C:2Cl):C:C:1,-5.46
CC12CCC(CC1=O)C2(C)C,-1.96
C=CCC1(C2:C:C:C:C:C:2)C(=O)NC(=O)NC1=O,-2.369
CCCCC(=O)OCC,-2.25
CC(=O)OCCC(C)C,-1.92
CCCCCC(=O)OCN1C(=O)NC(C2:C:C:C:C:C:2)(C2:C:C:C:C:C:2)C1=O,-5.886
ClC1:C:C:C:C(C2:C:C(Cl):C:C:C:2Cl):C:1,-6.01
CCCBr,-1.73
CCCC1COC(CN2:C:N:C:N:2)(C2:C:C:C(Cl):C:C:2Cl)O1,-3.493
COP(=S)(OC)SCC(=O)N(C)C=O,-1.995
CC1:N:C:N:C2:N:C:C:N:C:1:2,-0.466
NC(N)=S,0.32
CC1:C:C:C(C):C:C:1,-2.77
CCC1:C:C:C:C:C:1CC,-3.28
ClC(Cl)(Cl)C(Cl)(Cl)Cl,-3.67
CC(C)C(C(=O)OC(C#N)C1:C:C:C:C(OC2:C:C:C:C:C:2):C:1)C1:C:C:C(OC(F)F):C:C:1,-6.876
CCC[N+](=O)[O-],-0.8
CC1CCC(C(C)C)C(=O)C1,-2.35
CCN1C2:C:C(Cl):C:C:C:2NC(=O)C2:C:C:C:N:C:21,-5.36
O=[N+]([O-])C1:C:C:C:C(Cl):C:1Cl,-3.48
C=CCC1(C(C)CCC)C(=O)NC(=S)NC1=O,-3.46
C1:C:C:C2:C(:C:1)C1:C:C:C:C3:C:C:C:C2:C:1:3,-6
CCCOC(C)C,-1.34
CC1:C:C(C):C2:C:C:C:C:C:2:C:1,-4.29
CCC(=C(CC)C1:C:C:C(O):C:C:1)C1:C:C:C(O):C:C:1,-4.07
N#CC1:C(Cl):C(Cl):C(Cl):C(C#N):C:1Cl,-5.64
ClC1:C:C:C(Cl):C(C2:C:C:C(Cl):C(Cl):C:2):C:1,-7.25
C1:C:C:C(C2CO2):C:C:1,-1.6
CC(C)C1:C:C:C:C:C:1,-3.27
CC12CCC(=O)C=C1CCC1C2CCC2(C)C(C(=O)CO)CCC12,-3.45
ClC1:C(Cl):C(Cl):C2:N:C:C:N:C:2:C:1Cl,-5.43
OC1COC(O)C(O)C1O,0.39
ClCCl,-0.63
CCC1:C:C:C:C2:C:C:C:C:C:1:2,-4.17
COC=O,0.58
O=[N+]([O-])C1:C:C:C:C:C:1O,-1.74
CC1:C:[NH]:C(=O):[NH]:C:1=O,-1.506
CC(C)C,-2.55
OCC1OC(N2:C:N:C3:C(O):N:C:N:C:3:2)C(O)C1O,-1.23
N#CC1:C:C(I):C(O):C(I):C:1,-3.61
O=C(NC1:C:C:C([N+](=O)[O-]):C:C:1Cl)C1:C:C(Cl):C:C:C:1O,-4.7
CCCCC,-3.18
OC1:C:C:C:C:C:1,0
NC1:C:C:C2:C:C3:C:C:C:C:C:3:C:C:2:C:1,-5.17
CN1:C:N:C2:C:1:C(=O):[NH]:C(=O):N:2C,-2.523
C1:C:C:C2:C:N:C:C:C:2:C:1,-1.45
COP(=S)(OC)SCC(=O)N(C1:C:C:C(Cl):C:C:1)C(C)C,-4.432
CCCCCCC1:C:C:C:C:C:1,-5.21
ClC1:C:C:C:C:C:1C1:C:C:C:C:C:1,-4.54
C=C(C)CCC,-3.03
CC(C)C(C)C(C)C,-4.8
ClC1:C:C(Cl):C(Cl):C(Cl):C:1Cl,-5.65
O=[N+]([O-])C1:C:C:C:C(O):C:1,-1.01
C=CCCCCCCCC,-5.51
CC(=O)OCC(COC(C)=O)OC(C)=O,-0.6
CCCCC1:C(C):N:C(N(C)C):N:C:1O,-2.24
CC1(C)C(C=C(Cl)Cl)C1C(=O)OC(C#N)C1:C:C:C(F):C(OC2:C:C:C:C:C:2):C:1,-7.337
C1:C:C:N:C:C:1,0.76
CCCCCCCBr,-4.43
CC1:C:C:N:C:C:1C,0.36
CC12CCC(=O)C=C1CCC1C3CCC(O)(C(=O)CO)C3(C)CC(O)C12F,-3.43
CCSCC1:C:C:C:C:C:1OC(=O)NC,-2.09
CCOC(=O)CC(=O)OCC,-0.82
C=C(C)C1CC=C(C)CC1,-4.26
C1:C:C:C2:C(:C:1)CCC2,-3.04
CC(C)(C)C1:C:C:C(O):C:C:1,-2.41
O=C1NC(=O)C2(CC2)C(=O)N1,-1.886
ClC1:C:C:C:C(I):C:1,-3.55
BrC1:C:C:C:C2:C:C:C:C:C:1:2,-4.35
C/C=C/CC,-2.54
CC1:C:C:C:C(C):N:1,0.45
ClC=C(Cl)Cl,-1.96
NC1:C:C:C:C2:C:C:C:C:C:1:2,-1.92
CC1:C:C:C:C(C):C:1,-2.82
OC1:N:C:C2:N:C:C:N:C:2:N:1,-1.947
CO,1.57
CCC1(CCC(C)C)C(=O)NC(=O)NC1=O,-2.468
CCC(C)=O,0.52
O=C1:[NH]:C:C(F):C(=O):[NH]:1,-1.077
NC1:N:C:N:C2:C:1:C:C:N:2C1OC(CO)C(O)C1O,-1.95
OC1:C:C:C:C(O):C:1,0.81
CCCCCCO,-1.24
CCCCCCl,-2.73
C=CC=C,-1.87
CCCOC(C)=O,-0.72
OC1:C:C:C2:C(:C:1)CCCC2,-1.99
NC(=O)CCl,-0.02
COP(=S)(OC)OC1:C:C(Cl):C(I):C:C:1Cl,-6.62
CC1:C:C:C(Cl):C:C:1,-3.08
CSC1:N:N:C(C(C)(C)C):C(=O):N:1N,-2.253
CC1:C:C:C(OP(=O)(OC2:C:C:C:C(C):C:2)OC2:C:C:C:C:C:2C):C:C:1,-6.01
CCCCCC=O,-1.3
CCCCOC(=O)C1:C:C:C(N):C:C:1,-3.082
CC1:C:C:C2:C(:C:1)OC1:N:C:C(N):C:C:1C(=O)N2C,-3.043
CC(C)=CCC/C(C)=C\CO,-2.46
ClC1:C:C:C(C2:C:C:C:C:C:2Cl):C:C:1,-5.28
CCCCCCCC(=O)OCN1C(=O)NC(C2:C:C:C:C:C:2)(C2:C:C:C:C:C:2)C1=O,-6.523
CC[N+](=O)[O-],-0.22
C=C(C)CN(CC)C1:C([N+](=O)[O-]):C:C(C(F)(F)F):C:C:1[N+](=O)[O-],-6.124
ClC1:C:C:C(Cl):C(Cl):C:1Cl,-4.57
CCCC(C)(COC(N)=O)COC(N)=O,-1.807
CC(=O)C1CCC2C3CC=C4CC(O)CCC4(C)C3CCC12C,-4.65
CI,-1
CC1CC(C)C(=O)C(C(O)CC2CC(=O)NC(=O)C2)C1,-1.13
CCCCCCC(=O)OCN1C(=O)NC(C2:C:C:C:C:C:2)(C2:C:C:C:C:C:2)C1=O,-6.301
CC1=CC(=O)CC(C)(C)C1,-1.06
CCC(C)C1(CC)C(=O)NC(=O)NC1=O,-2.39
CCCCC(=O)CCCC,-2.58
CCC1(C2:C:C:C:C:C:2)CCC(=O)NC1=O,-2.337
CCC(C)CC,-3.68
CCOC1:C:C:C(C(C)(C)COCC2:C:C:C:C(OC3:C:C:C:C:C:3):C:2):C:C:1,-8.6
CC1:C:C:C:C:C:1N1:C(C):N:C2:C:C:C:C:C:2:C:1=O,-2.925
N#CCCl,-0.092
CCOP(=S)(CC)OC1:C:C(Cl):C(Cl):C:C:1Cl,-5.752
C#CC1(O)CCC2C3CCC4=CC(=O)CCC4(C)C3CCC21C,-5.66
C1:C:C:N:N:C:1,1.1
ClC1:C:C(Cl):C(Cl):C(Cl):C:1,-4.63
CC1COC2CC3(C)C(CC4C5C=C6CC(O)CCC6(C)CC5CCC43C)OC2C1,-7.32
NC1:C:C:C:C:C:1O,-0.72
CCCCCCCCC(=O)OCC,-3.8
COCC(=O)N(C1:C(C):C:C:C:C:1C)C(C)C(=O)OC,-1.601
CNC(=O)OC1:C:C:C:C:C:1OC(C)C,-2.05
CCC(C)Cl,-1.96
OC1:C:C:C2:C:C:C:C:C:2:C:1,-2.28
CC(C)OC1:C:C(N2:N:C(C(C)(C)C):O:C:2=O):C(Cl):C:C:1Cl,-5.696
C#CCCCC,-2.36
C#CCCCCCCC,-4.24
CC1:C:C:C:C:C:1Cl,-3.52
CC(C)OC(C)C,-1.1
NC1:C:C:C(S(=O)(=O)C2:C:C:C(N):C:C:2):C:C:1,-3.094
CNN,1.34
C#CC,-0.41
CCOP(=S)(OCC)ON=C(C#N)C1:C:C:C:C:C:1,-4.862
CCNP(=S)(OC)OC(C)=CC(=O)OC(C)C,-3.408
C=CC=O,0.57
O=C1:[NH]:C:N:C2:N:C:[NH]:C:1:2,-2.296
OC1:C:C:C2:N:C:C:C:C:2:C:1,-2.16
FC1:C:C:C:C:C:1,-1.8
CCCCl,-1.47
CCOC(C)=O,-0.04
CCCC(C)(C)C,-4.36
CC1:C:C(C):C(C):C(C):C:1C,-4
CC12CCC(CC1)C(C)(C)O2,-1.64
CCCCOC(=O)CCCCCCCCC(=O)OCCCC,-3.896
ClC1:C:C:C(C2:C:C:C(Cl):C:C:2):C:C:1,-6.56
CC1:C:C:C:N:C:1C,0.38
C=C(C)C1CC=C(C)C(=O)C1,-2.06
CCOP(=S)(OCC)SCSC1:C:C:C(Cl):C:C:1,-5.736
COC1:C:C(C2C3:C:C4:C(:C:C:3C(OC3OC5COC(C)OC5C(O)C3O)C3COC(=O)C23)OCO4):C:C(OC):C:1O,-3.571
C1:C:C2:C:C:C:C3:C4:C:C:C:C5:C:C:C:C(:C(:C:1):C:2:3):C:5:4,-8.804
CC1:C:C:C([N+](=O)[O-]):C:C:1[N+](=O)[O-],-2.82
BrC1:C:C:C2:C:C:C:C:C:2:C:1,-4.4
CNC(=O)OC1:C:C:C:C(N=CN(C)C):C:1,-2.34
COC1:C:N:C2:N:C:N:C:C:2:N:1,-1.139
CC1:C:C:N:C2:C:1NC(=O)C1:C:C:C:N:C:1N2C1CC1,-3.19
CCOP(=S)(OCC)OC1:N:C(Cl):N(C(C)C):N:1,-3.658
C=CC(=C)C,-2.03
C=CC(C)(O)CCC=C(C)C,-1.99
COP(=S)(OC)OC1:C:C:C(SC):C(C):C:1,-4.57
OC1CCCCC1,-0.44
C=CCC1(C)C(=O)NC(=O)NC1=O,-1.16
CC12CCC3C(CCC4CC(O)CCC43C)C1CCC2=O,-4.16
OCC(O)C(O)C(O)C(O)CO,0.06
CC1:C:C:C(C2:C:C:C:C:C:2):C:C:1,-4.62
CCNC1:N:C(Cl):N:C(NC(C)C):N:1,-3.85
NC(=S)NC1:C:C:C:C:C:1,-1.77
CCCC(=O)CCC,-1.3
CC(=O)C(C)(C)C,-0.72
OC1:C:C:C(Cl):C:C:1,-0.7
O=C1CCCCC1,-0.6
CC1:C:C:C:C(N):C:1,-0.85
N#CC(Cl)(Cl)Cl,-2.168
CNC1:C:N:N(C2:C:C:C:C(C(F)(F)F):C:2):C(=O):C:1Cl,-4.046
CCCCCCCCC(C)=O,-3.3
CCN(CC)C1:N:C(Cl):N:C(NC(C)C):N:1,-3.785
CCOC(=O)C1:C:C:C(N):C:C:1,-2.616
ClC1:C:C:C(Cl):C(Cl):C:1,-3.59
CC1:N:N:C2:N:1C1:C:C:C(Cl):C:C:1C(C1:C:C:C:C:C:1Cl)=NC2,-4.09
OC1:C:C:C:C:C:1O,0.62
CCN1C2:N:C:C:C:C:2C(=O)N(C)C2:C:C:C:N:C:21,-2.62
CSC,-0.45
CC1:C:C:C:C:C:1Br,-2.23
CCOC(N)=O,0.85
CC(=O)OC1(C(C)=O)CCC2C3C=C(C)C4=CC(=O)CCC4(C)C3CCC21C,-5.35
CC(C)C(O)C(C)C,-1.22
C1:C:C:C2:C:C:C:C:C:2:C:1,-3.6
CCNC1:C:C:C:C:C:1,-1.7
O=C1NC(=O)C(C2:C:C:C:C:C:2)(C2:C:C:C:C:C:2)N1,-4.097
CC1:C2:C:C:C:C:C:2:C(C):C2:C:1:C:C:C1:C:C:C:C:C:1:2,-7.02
CCOP(=S)(OCC)SC(CCl)N1C(=O)C2:C:C:C:C:C:2C1=O,-6.34
COC1:C:C:C(C(C2:C:C:C(OC):C:C:2)C(Cl)(Cl)Cl):C:C:1,-6.89
O=C(NC(=O)C1:C(F):C:C:C:C:1F)NC1:C:C(Cl):C(F):C(Cl):C:1F,-7.28
CCCCC(=O)OCN1C(=O)NC(C2:C:C:C:C:C:2)(C2:C:C:C:C:C:2)C1=O,-4.678
CN(C)C(=O)NC1:C:C:C(Cl):C:C:1,-2.89
OC(CN1:C:N:C:N:1)(C1:C:C:C(F):C:C:1)C1:C:C:C:C:C:1F,-3.37
CC(=O)OCC(=O)C1(O)C(OC(C)=O)CC2C3CCC4=CC(=O)C=CC4(C)C3(F)C(O)CC21C,-4.13
CCCCBr,-2.37
BrC1:C:C(Br):C(Br):C:C:1Br,-6.98
CC(=O)CC(C)C,-0.74
CCSC(=O)N(CC)C1CCCCC1,-3.4
COC1:C:C:C(Cl):C:C:1,-2.78
CC1(C)C(C=C(Br)Br)C1C(=O)OC(C#N)C1:C:C:C:C(OC2:C:C:C:C:C:2):C:1,-8.402
C=CCC1(C(C)CC)C(=O)NC(=O)NC1=O,-2.016
COP(=S)(OC)OC1:C:C:C([N+](=O)[O-]):C(C):C:1,-4.04
IC1:C:C:C:C2:C:C:C:C:C:1:2,-4.55
OCC(O)C(O)C(O)C(O)CO,1.09
CCS,-0.6
ClCC(Cl)Cl,-1.48
CC1:C:C(OC(=O)N(C)C):N(C2:C:C:C:C:C:2):N:1,-2.09
NC(=O)C1:C:C:C:C:C:1O,-1.82
CC1:C:C:C:C:C:1[N+](=O)[O-],-2.33
CC(C)C1(C(C)C)C(=O)NC(=O)NC1=O,-2.766
CCC1:C:C:C:C:C:1C,-3.21
CCCCCCCCl,-4
CCC1(CC)C(=O)NC(=O)NC1=O,-2.4
C1:C:C:C(CCC2:C:C:C:C:C:2):C:C:1,-4.62
ClC(Cl)C(Cl)Cl,-1.74
CCN1C2:C:C(OC):C:C(C):C:2NC(=O)C2:C:C:C:N:C:21,-5.153
CC1:C:C:C2:C(:C:C:C3:C:C:C:C:C:3:2):C:1,-5.84
CCCCOC(=O)C1:C:C:C:C:C:1C(=O)OCCCC,-4.4
COC1:C(O):C(Cl):C(Cl):C(Cl):C:1Cl,-4.02
CCN(CC)C(=O)C(Cl)=CCOP(=O)(OC)OC,0.523
CC12CCC3C(=CCC4:C:C(O):C:C:C:43)C1CCC2=O,-5.282
CCOC(=O)C1:C:C:C:C:C:1S(=O)(=O)NN(C=O)C1:N:C(Cl):C:C(OC):N:1,-4.576
COC1:C:C:C([N+](=O)[O-]):C:C:1,-2.41
CCCCCCCl,-3.12
ClC1:C:C(C2:C:C(Cl):C(Cl):C(Cl):C:2Cl):C(Cl):C(Cl):C:1Cl,-9.16
OCC1OC(OCC2OC(OC3(CO)OC(CO)C(O)C3O)C(O)C(O)C2O)C(O)C(O)C1O,-0.41
CCCCCCCCCCCCCCCCCCCCCCCCCC,-8.334
CCN1C2:C:C:C:C:C:2N(C)C(=O)C2:C:C:C:N:C:21,-3.324
CC(Cl)Cl,-1.29
NC1:C:C:C(S(N)(=O)=O):C:C:1,-1.34
CCCN(CCC)C1:C([N+](=O)[O-]):C:C(C(C)C):C:C:1[N+](=O)[O-],-6.49
ClC1C(Cl)C(Cl)C(Cl)C(Cl)C1Cl,-4.64
CCOP(=S)(NC(C)C)OC1:C:C:C:C:C:1C(=O)OC(C)C,-4.194
ClC1:C:C:C:C(Cl):C:1Cl,-4
ClC(Cl)(Cl)Cl,-2.31
O=[N+]([O-])C1:C:C:C(Cl):C(Cl):C:1,-3.2
OC1CCCCCCC1,-1.29
CC12CCC(=O)C=C1CCC1C2CCC2(C)C1CCC2(C)O,-3.999
CCOC1:C:C:C(NC(N)=O):C:C:1,-2.17
CC1CCC(C)CC1,-4.47
C1:C:N:C2:C(:C:1):C:C:C1:N:C:C:C:C:1:2,-2.68
COC(C)(C)C,-0.24
CC=CC1:C:C:C(OC):C:C:1,-3.13
CCCCCCCCCCCCCCCCO,-7
O=C1:C:C:[NH]:C(=O):[NH]:1,-1.488
NC1:N:C:N:C2:N:C:[NH]:C:1:2,-2.12
ClC1:C:C(Cl):C(C2:C:C:C:C(Cl):C:2Cl):C:C:1Cl,-7.21
COC1:C:C:C(C(O)(C2:C:N:C:N:C:2)C2CC2):C:C:1,-2.596
C1:C:C:C2:C(:C:1)C1:C:C:C:C3:C:1:C2:C:C1:C:C:C:C:C:1:3,-8.23
O=C(NC1:C:C:C:C:C:1)NC1:C:C:C:C:C:1,-3.15
CCC1(C2:C:C:C:C:C:2)C(=O)NC(=O)NC1=O,-2.322
ClC1:C:C:C(C2:C:C:C:C(Cl):C:2Cl):C:C:1,-6.29
CC(C)C1:C:C:C(NC(=O)N(C)C):C:C:1,-3.536
CCN(CC)C(=O)CSC1:C:C:C(Cl):N:N:1,-1.716
CCC(C)(C)CO,-1.04
CCCOC(=O)CCC,-1.75
CC1:C([N+](=O)[O-]):C:C([N+](=O)[O-]):C:C:1[N+](=O)[O-],-3.22
CC(C)OP(=S)(OC(C)C)SCCNS(=O)(=O)C1:C:C:C:C:C:1,-4.2
C1CCCCCC1,-3.51
CCCOC=O,-0.49
CC1:C:C:C:C:C:1C(C)C,-3.76
NC1:C:C:C:C(Cl):C:1,-1.37
CC(C)CC(C)C,-4.26
C1:C:C:C2:C(:C:1):O:C1:C:C:C:C:C:1:2,-4.6
CCOC1OC2:C:C:C(OS(C)(=O)=O):C:C:2C1(C)C,-3.42
CN(C)C(=O)NC1:C:C:C:C(C(F)(F)F):C:1,-3.43
C1:C:C:C2:N:C3:C:C:C:C:C:3:C:C:2:C:1,-3.67
CC12CCC(=O)C=C1CCC1C2C(=O)CC2(C)C1CCC2(O)C(=O)CO,-3.11
OCC1OC(O)C(O)C(O)C1O,0.74
CC1:C:C:C:C(O):C:1,-0.68
CC1CC2:C:C:C:C:C:2N1NC(=O)C1:C:C:C(Cl):C(S(N)(=O)=O):C:1,-3.586
CCC(C)C(=O)OC1CC(C)C=C2C=CC(C)C(CCC3CC(O)CC(=O)O3)C21,-6.005
O=[N+]([O-])C1:C:C:C([N+](=O)[O-]):C:C:1,-3.39
CCC1(C2=CCC3CCC2C3)C(=O)NC(=O)NC1=O,-2.696
CCCCCCCCCC(=O)OCC,-4.1
CN(C)C(=O)NC1:C:C:C:C:C:1,-1.6
CCCOCC,-0.66
CC(C)O,0.43
CC1:C:C:C2:C:C:C:C:C:2:C:1,-3.77
ClC(Br)Br,-1.9
CCC(C1:C:C:C(O):C:C:1)C(CC)C1:C:C:C(O):C:C:1,-4.43
CCOC(=O)CC(SP(=S)(OC)OC)C(=O)OCC,-3.37
ClCC1:C:C:C:C:C:1,-2.39
C/C=C/C=O,0.32
CON(C)C(=O)NC1:C:C:C(Br):C(Cl):C:1,-3.924
CC1:C2:C:C:C:C:C:2:C(C):C2:C:C:C:C:C:1:2,-6.57
CCCCCC(=O)OC,-1.87
CN(C)C(=O)NC1:C:C:C(N2:N:C(C(C)(C)C):O:C:2=O):C(Cl):C:1,-4.328
CC(=O)NC1:C:C:C(F):C:C:1,-1.78
CCC1:C:C:C:C(CC):C:1N(COC)C(=O)CCl,-3.26
C1=CCCCC1,-2.59
CC12CCC(=O)C=C1CCC1C2C(O)CC2(C)C1CCC2(O)C(=O)CO,-3.09
C1:C:N:C:N:C:1,1.1
O=[N+]([O-])C1:C:C:C(Cl):C:C:1,-2.92
CCC(=O)OC,-0.14
O=[N+]([O-])C1:C:C:C:C:C:1Cl,-2.55
CCCCN(C)C(=O)NC1:C:C:C(Cl):C(Cl):C:1,-4.77
CN1CC(O)N(C2:N:N:C(C(C)(C)C):S:2)C1=O,-1.877
O=[N+]([O-])C1:C:C:C:C:C:1,-1.8
IC1:C:C:C:C:C:1,-3.01
CC1:C:C:C:C:C:1N1C(=O)C2:C:C(S(N)(=O)=O):C(Cl):C:C:2NC1C,-3.78
COC1:C:C:C:C:C:1OCC(O)COC(N)=O,-0.985
CCCCOCN(C(=O)CCl)C1:C(CC):C:C:C:C:1CC,-4.19
OC1:C:C:C:C(Cl):C:1Cl,-1.3
CCCC(=O)OC,-1.92
CCC(=O)NC1:C:C:C(Cl):C(Cl):C:1,-3
NC1:N:C(N):C2:N:C(C3:C:C:C:C:C:3):C(N):N:C:2:N:1,-2.404
CCCCCC(=O)OCC,-2.35
OCC(O)C1OC2OC(C(Cl)(Cl)Cl)OC2C1O,-1.84
CC1:C:C:C(N=CN(C)C=NC2:C:C:C(C):C:C:2C):C(C):C:1,-5.47
COC1:N:C(NC(C)C):N:C(NC(C)C):N:1,-2.478
C=CCCCCCC,-4.44
CC1:C:C:C(N):C:C:1,-1.21
NC1:N:C:C:S:1,-0.36
CNC(=O)OC1:C:C:C:C:C:1,-1.803
CCCC(O)CC,-0.8
OC1:C2:C:C:C:C:C:2:C:C2:C:C:C:C:C:1:2,-4.73
CC1:C:C:C2:C:C3:C:C:C:C:C:3:C:C:2:C:1,-6.96
CC1:C:C:C:C(C):C:1C,-3.2
CNC(=O)OC1:C:C:C(N(C)C):C(C):C:1,-2.36
CCCCCCCC(C)O,-2.74
CN(C(=O)NC(C)(C)C1:C:C:C:C:C:1)C1:C:C:C:C:C:1,-3.35
CCCC(=O)CC,-0.83
N#CC1:C:C(Br):C(O):C(Br):C:1,-3.33
ClC1:C:C:C(C2:C:C:C:C:C:2):C:C:1Cl,-6.39
CN(C(=O)COC1:N:C2:C:C:C:C:C:2:S:1)C1:C:C:C:C:C:1,-4.873
OC1:C:C:C:C2:N:C:C:C:C:1:2,-2.54
CC1=C(C(=O)NC2:C:C:C:C:C:2)SCCO1,-3.14
CCOC1:C:C:C2:N:C(S(N)(=O)=O):S:C:2:C:1,-3.81
OC1:C(Cl):C(Cl):C(Cl):C(Cl):C:1Cl,-4.28
ClCBr,-0.89
CCC1(CC)C(=O)NC(=O)N(C)C1=O,-2.23
CC(=O)OCC(=O)C1CCC2C3CCC4=CC(=O)CCC4(C)C3CCC12C,-4.63
NC(=O)NCC1:C:C:C:C:C:1,-0.95
CC1:C:C:C(NC(=O)N(C)C):C:C:1Cl,-3.483
CON(C)C(=O)NC1:C:C:C(Cl):C(Cl):C:1,-3.592
OC1CCCCCC1,-0.88
CS(=O)(=O)C1:C:C:C(C(O)C(CO)NC(=O)C(Cl)Cl):C:C:1,-2.154
CCCC(C)C1(CC)C(=O)NC(=S)NC1=O,-3.36
CC(=O)NC1:N:N:C(S(N)(=O)=O):S:1,-2.36
O=[N+]([O-])C1:C:C:C(O):C:C:1,-0.74
ClC1=C(Cl)C2(Cl)C3C4C=CC(C4)C3C1(Cl)C2(Cl)Cl,-6.307
C1CCOC1,0.49
NC1:C:C:C:C:C:1[N+](=O)[O-],-1.96
ClC1:C:C:C:C(C2:C:C:C:C(Cl):C:2Cl):C:1Cl,-7.28
CCCCC1C(=O)N(C2:C:C:C:C:C:2)N(C2:C:C:C:C:C:2)C1=O,-3.81
CC1:C([N+](=O)[O-]):C:C:C:C:1[N+](=O)[O-],-3
CC(=O)C1CCC2C3CCC4=CC(=O)CCC4(C)C3CCC12C,-4.42
CCN(CC)C1:N:C(Cl):N:C(N(CC)CC):N:1,-4.411
O=C1C2CC=CCC2C(=O)N1SC(Cl)(Cl)C(Cl)Cl,-5.4
BrC1:C:C:C(Br):C(Br):C:1,-4.5
O=C1NC2:C:C:C(Cl):C:C:2C(C2:C:C:C:C:C:2)=NC1O,-3.952
C=CCC1(C(C)CCC)C(=O)NC(=O)NC1=O,-2.356
CC1:C:C:C(C(C)C):C:C:1O,-2.08
O=C1CSC(=S)N1,-1.77
O=C1:C(O):C(C2:C:C:C(O):C:C:2O):O:C2:C:C(O):C:C(O):C:1:2,-3.083
O=C1C2(Cl)C3(Cl)C4(Cl)C(Cl)(Cl)C5(Cl)C3(Cl)C1(Cl)C5(Cl)C24Cl,-5.259
CCN(CC)C(=S)SSC(=S)N(CC)CC,-4.86
C1CCCCC1,-3.1
ClC1=C(Cl)C(Cl)(C2(Cl)C(Cl)=C(Cl)C(Cl)=C2Cl)C(Cl)=C1Cl,-7.278
CC1:C:C(Cl):C:C:C:1N=CN(C)C,-2.86
CC12CCC3:C(:C:C:C4:C:C(O):C:C:C:3:4)C1CCC2=O,-5.24
CCCCCCCCO,-2.39
CCSCC,-1.34
ClCCCl,-1.06
CCC(C)(C)Cl,-2.51
ClCCBr,-1.32
NC1:C:C:C([N+](=O)[O-]):C:C:1,-2.37
OCC1OC(OC2C(CO)OC(O)C(O)C2O)C(O)C(O)C1O,-0.244
CCN1C(=O)C2:C:C:C:N:C:2N(CC)C2:N:C:C:C:C:21,-2.86
ClC1:C:C:C:C:C:1,-2.38
C=CCCCCCCC,-5.05
BrC1:C:C:C(I):C:C:1,-4.56
CCC(C)(O)CC,-0.36
CCCCCC1:C:C:C:C:C:1,-4.64
NC(=O)NC1NC(=O)NC1=O,-1.6
O=C(OCC(O)CO)C1:C:C:C:C:C:1NC1:C:C:N:C2:C:C(Cl):C:C:C:1:2,-4.571
ClC1:C:C:C(C(C2:C:C:C(Cl):C:C:2)C(Cl)Cl):C:C:1,-7.2
CC(=O)OC1CCC2C3CCC4=CC(=O)CCC4(C)C3CCC12C,-5.184
ClC1:C:C:C:C2:C:C:C:C:C:1:2,-3.93
CCN1C2:C:C:C:C:C:2C(=O)N(C)C2:C:C:C:C:C:21,-4.749
CCCCC(C)O,-0.89
CCCC1CCCC1,-4.74
CCOC(=O)C1:C:N:C:N:1C(C)C1:C:C:C:C:C:1,-4.735
OC1:C:C:C(Cl):C(Cl):C:1,-1.25
CC1(C)C(C=C(Cl)Cl)C1C(=O)OC(C#N)C1:C:C:C:C(OC2:C:C:C:C:C:2):C:1,-8.017
C1:C:C:C2:O:C:N:C:2:C:1,-1.16
CCCCCO,-0.6
CCN(CC)C1:C:C:C:C:C:1,-3.03
FC1:C:C:C:C(F):C:1,-2
N#CCCCl,-0.29
CC(C)(C)CC1:C:C:C:C:C:1,-4.15
CCC1(C2:C:C:C:C:C:2)C(=O)NC(=O)NC1=O,-2.322
ClC1:C:C:C:C:C:1I,-3.54
C1:C:C:C2:[NH]:N:N:C:2:C:1,-0.78
CNC(=O)OC1:C:C:C:C2:C:1OC(C)(C)C2,-2.8
CC1:C:C:C:C(C):C:1O,-1.29
CC(C)C(C)O,-0.18
OC(C1:C:C:C:C:C:1)C1:C:C:C:C:C:1,-2.55
CCCCCCCCCC(=O)OC,-4.69
COP(=S)(OC)OC1:C:C:C([N+](=O)[O-]):C:C:1Cl,-4.31
CC(C)CBr,-2.43
CCI,-1.6
CC1:N:C(N(C)C):N:C(OC(=O)N(C)C):C:1C,-1.95
CCCCCCBr,-3.81
CCCC(C)C,-3.74
CC1:C(F):C(F):C(COC(=O)C2C(C=C(Cl)C(F)(F)F)C2(C)C):C(F):C:1F,-7.321
CCC1:C:C:C:C(C):C:1N(C(=O)CCl)C(C)COC,-2.73
O=[N+]([O-])C1:C:C:C(C=NO):O:1,-2.19
CC(C)C(NC1:C:C:C(C(F)(F)F):C:C:1Cl)C(=O)OC(C#N)C1:C:C:C:C(OC2:C:C:C:C:C:2):C:1,-8.003
NC1:N:C:[NH]:N:1,0.522
BrC(Br)Br,-1.91
COP(=O)(OC)C(O)C(Cl)(Cl)Cl,-0.22
CCOP(=S)(OCC)SCN1:C(=O):O:C2:C:C(Cl):C:C:C:2:1,-5.233
OCC1:C:C:C:C:C:1,-0.4
O=C1:O:C2:C:C:C:C:C:2:C(O):C:1C1CCCC2:C:C:C:C:C:21,-2.84
OC1:C:C:C(Br):C:C:1,-1.09
CC(C)Br,-1.59
CC(C)CC(C)(C)C,-4.74
O=[N+]([O-])C1:C:C([N+](=O)[O-]):C:C([N+](=O)[O-]):C:1,-2.89
CN1C(=O)CN=C(C2:C:C:C:C:C:2)C2:C:C([N+](=O)[O-]):C:C:C:21,-3.796
CCC,-1.94
NC1:C:C(N2CCCCC2):N:C(N):[N+]:1[O-],-1.989
NC1:C:C:C:C2:N:C3:C:C:C:C:C:3:C:C:1:2,-4.22
C1:C:C:C2:C:C3:C(:C:C:2:C:1)C1:C:C:C:C2:C:C:C:C3:C:1:2,-8.49
OC(C1:C:C:C(Cl):C:C:1)(C1:C:C:C(Cl):C:C:1)C(Cl)(Cl)Cl,-5.666
C1:C:C2:C3:C(:C:C:C:C:3:C:1)CC2,-4.63
CCOP(=S)(OCC)SC(CCl)N1C(=O)C2:C:C:C:C:C:2C1=O,-6.34
BrC1:C:C:C(Br):C:C:1,-4.07
CN1:C(=O):O:N(C2:C:C:C(Cl):C(Cl):C:2):C:1=O,-2.82
OC1:C:C:C(C2:C:C:C:C:C:2):C:C:1,-3.48
CC1=C(C(=O)NC2:C:C:C:C:C:2)CCCO1,-2.56
C=COCC,-0.85
C#CCC,-1.24
COC1:N:C:N:C2:N:C:C:N:C:1:2,-1.11
CCCCC(C)(O)CC,-1.6
ClC1:C:C:C(Cl):C:C:1,-3.27
CC(=O)OCN1C(=O)NC(C2:C:C:C:C:C:2)(C2:C:C:C:C:C:2)C1=O,-4.47
CSCS(=O)CC(CO)NC(=O)C=CC1:C(C):[NH]:C(=O):[NH]:C:1=O,-1.981
CC1:C:[NH]:C2:C:C:C:C:C:1:2,-2.42
COC1:N:C:C2:N:C:C:N:C:2:N:1,-1.11
CNC(=O)OC1:C:C:C:C:C:1C1OCCO1,-1.57
CC(C)CNC(=O)N1CCNC1=O,-2.15
CC#N,0.26
CCOC(=O)NCCOC1:C:C:C(OC2:C:C:C:C:C:2):C:C:1,-4.7
CC(=O)N(C1:O:N:C(C):C:1C)S(=O)C1:C:C:C(N):C:C:1,-3.59
ClCC(Cl)(Cl)Cl,-2.18
CCCCO,0
CC1CCCCC1NC(=O)NC1:C:C:C:C:C:1,-4.11
ClC1:C:C(Cl):C:C(Cl):C:1,-4.48
O=CC1:C:C:C:O:1,-0.1
CC(C)CCO,-0.51
O=CC1:C:C:C2:C(:C:1)OCO2,-1.63
C=C(C)C,-2.33
O=CC1:C:C:C:C:C:1,-1.19
C=C(C)C(=C)C,-2.4
CCOC(=O)CCN(SN(C)C(=O)OC1:C:C:C:C2:C:1OC(C)(C)C2)C(C)C,-4.71
CN1C(=O)C2:C:C:C:N:C:2OC2:C:C:C:C:C:21,-3.672
C1:C:C:C2:C(:C:1)CC1:C:C:C:C:C:12,-5
CC1CCCCC1,-3.85
N=C(N)NS(=O)(=O)C1:C:C:C(N):C:C:1,-1.99
COC(=O)C1:C:C:C(O):C:C:1,-1.827
CC1CCCO1,0.11
CC1=C2C3OC(=O)C(C)C3CCC2(C)C=CC1=O,-3.09
OCC1:C:C:C:C:C:1OC1OC(CO)C(O)C(O)C1O,-0.85
CCCI,-2.29
CCNC1:N:C(NC(C)C):N:C(SC):N:1,-3.04
CCCO,0.62
CC(=O)C1(O)CCC2C3CCC4=CC(=O)CCC4(C)C3CCC21C,-3.817
CCCC(C)O,-0.29
O=C(C1:C:C:C:C:C:1)C(O)C1:C:C:C:C:C:1,-2.85
CC1:C:C:C(O):C(C):C:1,-1.19
O=[N+]([O-])C1:C:C:C:C(Cl):C:1,-2.77
CC1:C(N):C(=O):N(C2:C:C:C:C:C:2):N:1C,-0.624
ClC1:C:C:C(C2:C:C(Cl):C:C:C:2Cl):C(Cl):C:1,-6.57
ClC(Cl)=C(Cl)C(Cl)=C(Cl)Cl,-4.92
CCNC1:N:C(NC(C)(C)C):N:C(SC):N:1,-4
CCC(C)CCO,-0.71
CC1:N:C:C2:N:C:C:N:C:2:N:1,-0.12
C#CC1(O)CCC2C3CCC4=CC5:O:N:C:C:5CC4(C)C3CCC21C,-5.507
CCCCI,-2.96
BrC1:C:C:C2:C:C:C:C:C:2:C:1,-4.4
CC1OC(OC2C(O)CC(OC3C(O)CC(OC4CCC5(C)C(CCC6C5CC(O)C5(C)C(C7=CC(=O)OC7)CCC65O)C4)OC3C)OC2C)CC(O)C1O,-4.081
FC(F)(F)C1:C:C:C:C:C:1,-2.51
CCCCCCOC(=O)C1:C:C:C:C:C:1C(=O)OCCCCCC,-6.144
C1:C:C:C2:C(:C:1):S:C1:C:C:C:C:C:1:2,-4.38
ClC1:C:C:C(C2:C:C:C(Cl):C(Cl):C:2Cl):C(Cl):C:1,-7.8
ClC1:C:C:C(C2:C:C:C(Cl):C(Cl):C:2Cl):C(Cl):C:1Cl,-8.01
CC(=O)CC(C1:C:C:C:C:C:1)C1:C(O):C2:C:C:C:C:C:2:O:C:1=O,-3.893
OC(C1:C:C:C:C:C:1)C(O)C1:C:C:C:C:C:1,-1.93
COC(=O)C1:C:C:C:C:C:1C(=O)OC,-1.66
CCCCCCCC(=O)OCC,-3.39
CCSSCC,-2.42
CCOCCOCC,-0.77
ClC1:C:C(Cl):C(Cl):C:C:1Cl,-5.56
NC1:C:C:C(C2:C:C:C(N):C:C:2):C:C:1,-2.7
C=CCCCCC,-3.73
CCCCC1:C(C):N:C(NCC):[NH]:C:1=O,-3.028
CCCC(C)C1(CC)C(=O)NC(=O)NC1=O,-2.39
NC1:C:C:C:C:C:1Cl,-1.52
COC1:C:C:C:C(Cl):C:1,-2.78
CCCCN(CC)C(=O)SCCC,-3.53
CCCCOC=O,-1.37
CC12C=CC(=O)C=C1CCC1C2C(O)CC2(C)C1CCC2(O)C(=O)CO,-3.18
ClC(Cl)Br,-1.54
CC12CC(=O)C3C(CCC4=CC(=O)CCC43C)C1CCC2=O,-3.48
C1:C:C:C(C2:C:C:C(C3:C:C:C:C:C:3):C:C:2):C:C:1,-7.11
O=CC1:C:C:C(O):C:C:1,-0.96
CBr,-0.79
CC1:C:C(S(=O)(=O)C2:C:C:C:C:C:2):C:C:C:1NS(=O)(=O)C(F)(F)F,-3.8
CC(=O)CC(C1:C:C:C(Cl):C:C:1)C1:C(O):C2:C:C:C:C:C:2:O:C:1=O,-5.839
CCC1:C:C:C2:C:C:C:C:C:2:C:1,-4.29
CC1:C:[NH]:C(=O):N:C:1N,-1.458
ClC1:C(Cl):C(Cl):C(C2:C:C:C:C:C:2):C(Cl):C:1Cl,-7.92
O=C(NC1:C:C:C:C:C:1)C1:C:C:C:C:C:1I,-4.21
CC1:C:C2:N:C3:C(=O):[NH]:C(=O):N:C3:N(CC(O)C(O)C(O)CO):C:2:C:C:1C,-3.685
FC1:C:C:C:C:C:1Br,-2.7
OC1:C:C:C(Cl):C:C:1Cl,-1.55
CC1(C)C(C=C(Cl)Cl)C1C(=O)OCC1:C:C:C:C(OC2:C:C:C:C:C:2):C:1,-6.291
CN1C(C(=O)NC2:C:C:C:C:N:2)=C(O)C2:C:C:C:C:C:2S1(=O)=O,-4.16
CCC(=O)OCN1C(=O)NC(C2:C:C:C:C:C:2)(C2:C:C:C:C:C:2)C1=O,-4.907
C1CCCC1,-2.64
CC1:C:C:C:C:C:1N,-2.21
C=CCC1:C:C:C(OC):C:C:1,-2.92
CN(C)C(=O)NC1:C:C:C:C(OC(=O)NC(C)(C)C):C:1,-2.93
C=CC(C)C,-2.73
OC1:C:C:C:C:N:1,1.02
CC,-1.36
ClC1:C:C:C:C:C:1Cl,-3.05
SC1:N:C2:C:C:C:C:C:2:S:1,-3.18
ClC1:C(Cl):C(Cl):C(C2:C(Cl):C(Cl):C(Cl):C(Cl):C:2Cl):C(Cl):C:1Cl,-11.6
COC1:C2:O:C:C:C:2:C:C2:C:C:C(=O):O:C:1:2,-3.664
CC(N)=O,1.58
CC1:C:C:C:C2:C:C:C:C:C:1:2,-3.7
CCN(CC)C(=O)C(C)OC1:C:C:C:C2:C:C:C:C:C:1:2,-3.57
CC(O)C(C)(C)C,-0.62
CCCC(=O)OCC,-1.36
CC1=CC(=O)C2:C:C:C:C:C:2C1=O,-3.03
C1:C:C:C2:C(:C:1):C:C:C1:C:C:C:C:C:1:2,-5.26
CC1:C:C:N:C(C):C:1,0.38
CCCCCCCCCO,-3.01
BrCBr,-1.17
CC1CC2C3CCC4=CC(=O)C=CC4(C)C3(F)C(O)CC2(C)C1(O)C(=O)CO,-3.59
CC1:C:C:C2:C:C(C):C:C:C:2:C:1,-4.89
CCSC(=O)N(CC(C)C)CC(C)C,-3.68
O=[N+]([O-])OCC(CO[N+](=O)[O-])O[N+](=O)[O-],-2.22
NC1:C:C:C:C([N+](=O)[O-]):C:1,-2.19
CCCCCl,-2.03
O=CNC(N1C=CN(C(NC=O)C(Cl)(Cl)Cl)C=C1)C(Cl)(Cl)Cl,-4.19
CN1:C:C(C2:C:C:C:C:C:2):C(=O):C(C2:C:C:C:C(C(F)(F)F):C:2):C:1,-4.445
NC1:C:C2:C3:C:C:C:C:C:3:C:C:C:2:C2:C:C:C:C:C:1:2,-6.2
CC12CCC3C4:C:C:C(O):C:C:4CCC3C1CCC2=O,-3.955
CCN1C2:C:C:C:C:C:2N(C)C(=S)C2:C:C:C:N:C:21,-4.706
CC1CO1,-0.59
O=C1CN=C(C2:C:C:C:C:C:2)C2:C:C([N+](=O)[O-]):C:C:C:2N1,-3.796
CCNC(=S)NCC,-1.46
OC1:C:C(Cl):C:C(Cl):C:1Cl,-2.67
CCCCC(=O)OC,-1.34
NC1:C:C:C:C:C:1,-0.41
CC1:C:C:C:C2:C(C):C:C:C:C:1:2,-4.679
NS(=O)(=O)C1:C:C2:C(:C:C:1Cl)NCNS2(=O)=O,-2.63
C1=CC2:C:C:C:C3:C:C:C:C1:C:2:3,-3.96
CCCCCOC(=O)CC,-1.28
CCNC1:N:C(NC(C)C):N:C(OC):N:1,-2.084
C1:C:C:C2:C(:C:1):C:C1:C:C:C3:C:C:C:C4:C:C:C:2:C:1:C:3:4,-8.699
CCBr,-1.09
CCC#CCC,-1.99
CC1OC(OC2C(O)CC(OC3C(O)CC(OC4CCC5(C)C(CCC6C5CCC5(C)C(C7=CC(=O)OC7)CCC65O)C4)OC3C)OC2C)CC(O)C1O,-5.293
C=C(C)CC,-2.73
OC1:C:C:C:C2:C:C:C:N:C:1:2,-2.42
C1:C:C:C2:C(:C:1)CCCC2,-4.37
O=C1OC(C2:C:C:C(O):C:C:2)(C2:C:C:C(O):C:C:2)C2:C:C:C:C:C:21,-2.9
BrC1:C:C(Br):C:C(Br):C:1,-5.6
COP(=S)(OC)OC1:C:C(Cl):C(Cl):C:C:1Cl,-5.72
CC1:C:C(=O):[NH]:C(=S):[NH]:1,-2.436
C=CCC1:C:C:C(O):C(OC):C:1,-1.56
C=CCC1(C(C)C)C(=O)NC(=O)NC1=O,-1.708
C1:C:C2:C:C:C3:C:C:C:C4:C:C:C(:C:1):C:2:C:3:4,-6.176
CCOC(C)OCC,-0.43
CC1(C)CON(CC2:C:C:C:C:C:2Cl)C1=O,-2.338
CCCCOCCO,-0.42
O=[N+]([O-])C1:C(Cl):C(Cl):C(Cl):C(Cl):C:1Cl,-5.82
CC12CCC3C(CCC4CC(O)CCC43C)C1CCC2=O,-4.402
O=C1C(Cl)C(CCl)CN1C1:C:C:C:C(C(F)(F)F):C:1,-4.047
C1:C:C:C2:N:C:C:C:C:2:C:1,-1.3
COC(=O)C1:C:C(O):C(O):C(O):C:1,-1.24
OC(CN1:C:N:C:N:1)(CN1:C:N:C:N:1)C1:C:C:C(F):C:C:1F,-1.8
O=C1:[NH]:C2:C:C(Cl):C:C:C:2:O:1,-2.831
ClC1:C:C:C(C2:C(Cl):C(Cl):C(Cl):C(Cl):C:2Cl):C(Cl):C:1,-7.92
O=C1NC(=O)C(=O)C(=O)N1,-1.25
ClCCCCl,-1.62
FC1:C:C:C:C(Br):C:1,-2.67
ClC1:C:C:C(Br):C:C:1,-3.63
CC(C)C(C)C,-3.65
C=CCC,-1.94
ClC1:C:C:C(Cl):C(C2:C:C(Cl):C(Cl):C(Cl):C:2Cl):C:1,-7.68
NC1:C:C:[NH]:C(=O):N:1,-1.155
FC(F)(Cl)C(F)(Cl)Cl,-3.04
CCC#N,0.28
ClC1:C:C:C(C(C2:C:C:C:C:C:2Cl)C(Cl)Cl):C:C:1,-6.51
COC1:C:C:C:C:C:1[N+](=O)[O-],-1.96
CC12CCC3C(CC=C4CC(O)CCC43C)C1CCC2=O,-4.12
CC12CC1(C)C(=O)N(C1:C:C(Cl):C:C(Cl):C:1)C2=O,-4.8
C1:C:C2:C:C:C3:C:C:C4:C:C:C5:C:C:C:C6:C(:C:1):C:2:C:3:C:4:C:5:6,-9.018
CCC(C)C1:C:C([N+](=O)[O-]):C:C([N+](=O)[O-]):C:1O,-3.38
COC1=C(OC)C2C(=O)OCC2C=C1,-1.899
OCC(O)CO,1.12
COC1:C:C:C:C:C:1O,-1.96
CCOP(=S)(OCC)OC1:N:C(Cl):C(Cl):C:C:1Cl,-5.67
CC1:C2:C:C:C:C:C:2:C:C2:C:C:C:C:C:1:2,-5.89
CC1:C:C(=O):N(C2:C:C:C:C:C:2):N:1C,0.715
CCCCOC,-0.99
CC1:C:N:C2:C:N:C:N:C:2:N:1,-0.854
CCNC1:N:C(Cl):N:C(NCC):N:1,-4.55
CC(=O)N(C)C,1.11
CSC1:N:C(N(C)C):N:C(N(C)C):N:1,-2.676
C=C,-0.4
CC(C)(C)CCO,-0.5
C=CCC1(CC)C(=O)NC(=O)NC1=O,-1.614
OC1:C:C:C(Cl):C(Cl):C:1Cl,-2.67
COC1:C:C:C:C:C:1,-1.85
CC(C)OC(=O)C(O)(C1:C:C:C(Cl):C:C:1)C1:C:C:C:C(Cl):C:1,-4.53
CC12CCC(=O)C=C1CCC1C2C(O)CC2(C=O)C(C(=O)CO)CCC12,-3.85
COC1:C:C:C(OC2:C:C:C(NC(=O)N(C)C):C:C:2):C:C:1,-4.16
CCC1:C:C:C(C):C:C:1,-3.11
CC(C)SC(C)C,-2.24
O=[N+]([O-])C1:C:C:C:C([N+](=O)[O-]):C:1,-2.29
CCOP(=S)(OCC)SCSP(=S)(OCC)OCC,-5.54
CCC1(C(C)C)C(=O)NC(=O)NC1=O,-2.21
CC(=O)OCC(=O)C1(O)CCC2C3CCC4=CC(=O)CCC4(C)C3C(=O)CC21C,-4.21
CC1:N:C:C([N+](=O)[O-]):N:1CCO,-1.22
NC1:C:C:C(Cl):C:C:1,-1.66
CCCC(C)(C)CO,-1.52
C1:C:C:O:C:1,-0.82
COCCCNC1:N:C(NC(C)C):N:C(SC):N:1,-2.928
CN(C)C(=O)NC1CC2CC1C1CCCC21,-3.171
CC(C)(C)C1:C:C:C:C:C:1,-3.66
CC(=O)CCC1C(=O)N(C2:C:C:C:C:C:2)N(C2:C:C:C:C:C:2)C1=O,-3.27
CC(=O)OCC(=O)C1(O)CCC2C3CCC4=CC(=O)C=CC4(C)C3C(O)CC21C,-4.37
CCCOC,-0.39
CC(=O)OC(C)C,-0.55
BrC1:C:C:C:C:C:1,-2.55
CCOC(=O)C1:C:C:C(O):C:C:1,-2.35
CCCC(=O)OCN1C(=O)NC(C2:C:C:C:C:C:2)(C2:C:C:C:C:C:2)C1=O,-5.071
CCC(=O)OC1CCC2C3CCC4=CC(=O)CCC4(C)C3CCC12C,-5.37
C1:C:C2:C:C:C3:C:C:C4:C:C:C5:C:C:C6:C:C:C:1:C1:C:2:C:3:C:4:C:5:C:6:1,-9.332
O=C1:[NH]:C:N:C2:[NH]:N:C:C:1:2,-2.266
C=CCl,-1.75
CN(C)C(=O)C(C1:C:C:C:C:C:1)C1:C:C:C:C:C:1,-2.98
BrC(Br)(Br)Br,-3.14
CCN1C2:C:C(N(C)C):C:C(C):C:2NC(=O)C2:C:C:C:N:C:21,-4.871
O=C1NC(=O)C2:C:C:C:C:C:21,-2.61
OC(C1:C:C:C(Cl):C:C:1)(C1:C:N:C:N:C:1)C1:C:C:C:C:C:1Cl,-4.38
COC(=O)C1:C:C:C:C:C:1,-1.85
CN1:C:C:C(=O):[NH]:C:1=O,-0.807
CCCCC1C(=O)N(C2:C:C:C:C:C:2)N(C2:C:C:C(O):C:C:2)C1=O,-3.73
ClC1:C:C:C(Cl):C(C2:C:C:C:C(Cl):C:2Cl):C:1,-6.47
CCC1NC(=O)C2:C:C(S(N)(=O)=O):C(Cl):C:C:2N1,-3.29
CN(C)C(=O)NC1:C:C:C(Cl):C(Cl):C:1,-3.8
C1=CCCC1,-2.1
O=C1NC(=O)C(O)(C2(O)C(=O)NC(=O)NC2=O)C(=O)N1,-1.99
CCCCCCCCC,-5.88
OC1:C:C:C:C:C:1Cl,-1.06
CC1:C:C2:C:C:C:C:C:2:C2:C:C:C3:C:C:C:C:C:3:C:1:2,-6.59
CCOC1:C:C:C:C:C:1,-2.33
CCOC(=O)C=CC1:C:C:C:C:C:1,-3
CC1:[NH]:C(=O):N(C(C)(C)C):C(=O):C:1Cl,-2.484
O=C1CN=C(C2:C:C:C:C:C:2Cl)C2:C:C([N+](=O)[O-]):C:C:C:2N1,-3.499
CC1:C:C:C(S(N)(=O)=O):C:C:1,-1.74
C#CC(C)OC(=O)NC1:C:C:C:C(Cl):C:1,-2.617
CCCCCC(C)C,-5.08
CC1(C)C(C=C(Cl)C(F)(F)F)C1C(=O)OC(C#N)C1:C:C:C:C(OC2:C:C:C:C:C:2):C:1,-8.176
CCCC1C(=O)N2C(N(C)C)=NC3:C:C:C(C):C:C:3N2C1=O,-3.538
CN1C(=O)CN=C(C2:C:C:C:C:C:2)C2:C:C(Cl):C:C:C:21,-3.754
CCC(O)C(C)C,-0.7
CCOP(=S)(OCC)OC1:C:C:C(S(C)=O):C:C:1,-2.3
CC1(C)C2CCC1(C)C(O)C2,-2.32
CC12CCC(=O)C=C1CCC1C2CCC2(C)C(O)CCC12,-4.02
CCCCCCC,-4.53
OC1:C:C:C:C2:C:C:C:C:C:1:2,-2.22
CC1CCCCC1C,-4.3
COC1:C:C2:C(N):N:C(N3CCN(C(=O)OCC(C)(C)O)CC3):N:C:2:C(OC):C:1OC,-3.638
C1:C:C2:C3:C(:C4:C:C:C5:C:C:C:C:C:5:C:4:C:C:3:C:1)CC2,-7.85
CC(=O)C1(C)CCC2C3C=C(C)C4=CC(=O)CCC4(C)C3CCC21C,-5.27
CCCCCC(C)=O,-1.45
COP(=O)(NC(C)=O)SC,0.54
CCCCSP(=O)(SCCCC)SCCCC,-5.14
O=C1NC(=O)C2C=CC=CC12,-2.932
NS(=O)(=O)C1:C:C2:C(:C:C:1Cl)NC(C(Cl)Cl)NS2(=O)=O,-2.68
CC=C(C)C,-2.56
CC1:C:C:C(C):C(C):C:1,-3.31
OC1:C:C(Cl):C(Cl):C:C:1Cl,-2.21
C1:C:C:C2:C(:C:1):C:N:C1:C:C:C:C:C:1:2,-2.78
CCCC(C)(O)CC,-0.98
CCCCCCCC,-5.24
C1:C:C:C2:C:C3:C:C:C:C:C:3:C:C:2:C:1,-6.35
NNC1:C:C:C:C:C:1,0.07
CCC=O,0.58
C1CCCCCCC1,-4.15
C=CCC1(CC=C)C(=O)NC(=O)NC1=O,-2.077
ClC(Cl)Cl,-1.17
O=C1:C:C:N:C(S):[NH]:1,-2.273
O=C(NC1:C:C:C:C:C:1)N(CC1:C:C:C(Cl):C:C:1)C1CCCC1,-5.915
CC1=CCCCC1,-3.27
CCCCC(C=O)CC,-2.13
COC1:C2:O:C:C:C:2:C(OC):C2:C(=O):C:C(C):O:C:1:2,-3.021
CCC1(CCC(C)C)C(=O)NC(=O)NC1=O,-2.658
C1:C:C:C2:C3:C(:C:C:C:2:C:1)C1:C:C:C:C2:C:C:C:C3:C:1:2,-8
CCC(C=O)CC,-1.52
CCCOCCC,-1.62
CCCCCCCCCCCCCCO,-5.84
OC1:C(Cl):C:C:C(Cl):C:1Cl,-2.64
NC(N)=O,0.96
C#CCCC,-1.64
BrC1:C:C:C:C(Br):C:1,-3.54
CCCCCCCCCCCCCCCCCCO,-8.4
CC(=O)NC1:C:C:C:C:C:1,-1.33
O=C1C=C2CC3(O)COC4:C(:C:C:C(O):C:4O)C3=C2C=C1O,-2.7
NNC(=O)C1:C:C:N:C:C:1,0.009
OC1C=CC2C1C1(Cl)C(Cl)=C(Cl)C2(Cl)C1(Cl)Cl,-5.46
CC(C)CCOC=O,-1.52
CC(=O)C1:C:C:C:C:C:1,-1.28
C1:C:C:C2:N:C(C3:C:C:C4:C:C:C:C:C:4:N:3):C:C:C:2:C:1,-5.4
CCOP(=O)(OCC)OCC,0.43
CC12CCC(C1)C(C)(C)C2=O,-1.85
COC1:C:N:C2:C:N:C:N:C:2:N:1,-0.91
ClC1=C(Cl)C2(Cl)C3CC=CC3C1(Cl)C2(Cl)Cl,-5.64
CC(C)[N+](=O)[O-],-0.62
C1:C:C:C2:C(:C:1):[NH]:C1:C:C:C:C:C:1:2,-5.27
OCC(O)C(O)CO,0.7
CCCOC(=O)C1:C:C:C(N):C:C:1,-2.452
CNC(=O)C=C(C)OP(=O)(OC)OC,0.651
O=C1CCC(=O)N1,0.3
CCC(C)C(C)C,-4.28
CCCCC1:C(C):N:C(NCC):N:C:1OS(=O)(=O)N(C)C,-4.16
CCN1C2:N:C:C:C:C:2C(=S)N(C)C2:C:C:C:N:C:21,-4.634
CCN1C(=O)C2:C:C:C:C:C:2OC2:C:C:C:C:C:21,-3.68
C1CCOCC1,-0.03
C#CCCCCC,-3.01
COC1:C:C:C2:C:C:C(=O):O:C:2:C:1CC=C(C)C,-4.314
CC1:C:C:C2:C(:C:C:C3:C4:C5:C(:C:C:C:C:5:C:C:3:2)CC4):C:1,-7.92
CCOC(=O)C1:C:C:C:C:C:1,-2.32
CC(C)CCl,-2
C#CC1(O)CCC2C3CCC4:C:C(O):C:C:C:4C3CCC21C,-4.3
CCCCCCCCCCCC(=O)OC,-4.69
CCCSCCC,-2.58
C1:C:C:C2:C:C3:C:C4:C:C:C:C:C:4:C:C:3:C:C:2:C:1,-8.6
CCCCCBr,-3.08
C/C=C/CCCC,-3.82
CC1:N:C:C([N+](=O)[O-]):N:1CCO,-1.26
CCCCCC1CCCC1,-6.08
ClC1:C:C:C(Cl):C(C2:C(Cl):C(Cl):C:C(Cl):C:2Cl):C:1,-7.42
CCC1(C(C)C)C(=O)NC(=O)NC1=O,-2.148
CC(Cl)(Cl)Cl,-2
CON(C)C(=O)NC1:C:C:C(Cl):C:C:1,-2.57
O=C1NC(=O)C2(CCCCC2)C(=O)N1,-3.06
CN(C)C(=O)OC1=CC(=O)CC(C)(C)C1,-0.85
CC1:C:C:C(Br):C:C:1,-3.19
CCOCC,-0.09
CC(C)NC(=O)N1CC(=O)N(C2:C:C(Cl):C:C(Cl):C:2)C1=O,-4.376
CCCCN(CC)C1:C([N+](=O)[O-]):C:C(C(F)(F)F):C:C:1[N+](=O)[O-],-5.53
CC1:C:C(C):C(O):C(C):C:1,-2.05
C1:C:C:C:C:C:1,-1.64
ClC1:C:C:C(I):C:C:1,-4.03
COC1:C:C:C(NC(=O)N(C)C):C:C:1Cl,-2.564
CC(C)N(C(=O)CCl)C1:C:C:C:C:C:1,-2.48
C=CC1:C:C:C:C:C:1,-2.82
COCOC,0.48
CC1:C:C:C:C:C:1C,-2.8
CCC(C)O,0.47
OC1:C:C:C(O):C:C:1,-0.17
CC12CCC3C4:C:C:C(O):C:C:4CCC3C1CC(O)C2O,-4.955
C1:C:C:C2:C(:C:1)CC1:C:C3:C:C:C:C:C:3:C:C:12,-8.04
O=C1CNC(=O)N1,-0.4
CCCCCCC1:C:C:C(O):C:C:1O,-2.59
C=CCSS(=O)CC=C,-0.83
CCOP(=S)(OCC)OC1:C:C:C2:O:C(=O):C(Cl):C(C):C:2:C:1,-5.382
CC1:C(C):C2:C3:C:C:C:C:C:3:C:C:C:2:C2:C:C:C:C:C:1:2,-7.01
CCCCC(=O)OC1(C(=O)CO)C(C)CC2C3CCC4=CC(=O)C=CC4(C)C3(F)C(O)CC21C,-4.71
O=C1:[NH]:C(=O):C2:[NH]:C(=O):[NH]:C:2:[NH]:1,-3.93
OC1:C(Cl):C:C(Cl):C(Cl):C:1Cl,-3.1
ClC1:C:C:C:C(Cl):C:1,-3.04
ClC1:C:C:C(C(C2:C:C:C(Cl):C:C:2)C(Cl)(Cl)Cl):C:C:1,-7.15
CC(C)COC=O,-1.01
CSC1:C:C:C:C:C:1,-2.39
CCN1C2:N:C:C:C:C:2C(=O)NC2:C(C(F)(F)F):C:C(C):N:C:21,-4.207
CCCCCC,-3.84
COC(=O)C1:C:C:C:N:C:1,-0.46
NS(=O)(=O)C1:C:C2:C(:C:C:1C(F)(F)F)NC(CC1:C:C:C:C:C:1)NS2(=O)=O,-3.59
ClC1:C:C:C(C2:C:C(Cl):C(Cl):C(Cl):C:2Cl):C:C:1Cl,-7.82
C=CC1(C)OC(=O)N(C2:C:C(Cl):C:C(Cl):C:2)C1=O,-4.925
CCNC1:N:C(Cl):N:C(NC(C)(C)C#N):N:1,-3.15
C1:C:C:C2:C(:C:1):C1:C:C:C:C:C:1:C1:C:C:C:C:C:2:1,-6.726
CC=C(C(=CC)C1:C:C:C(O):C:C:1)C1:C:C:C(O):C:C:1,-4.95
CCCCC(CC)COC(=O)C1:C:C:C:C:C:1C(=O)OCC(CC)CCCC,-6.96
CCC1:C:C:C:C:N:1,0.51
COP(=O)(OC)OC(Br)C(Cl)(Cl)Br,-2.28
C1:C:C:C(C2:C:C:C:C:C:2):C:C:1,-4.345
ClC1:C:C(Cl):C(C2:C(Cl):C:C(Cl):C:C:2Cl):C(Cl):C:1,-8.71
CN(C)C1:N:C(N(C)C):N:C(N(C)C):N:1,-3.364
CC(C)CC(C)(C)O,-0.92
O=C1NC(=O)C2(CCCCCC2)C(=O)N1,-3.168
OCC1OC(O)(CO)C(O)C1O,0.64
CC1:C:C(C):C:C(O):C:1,-1.4
O=C(NC1:C:C:C:C(Cl):C:1)OCC#CCCl,-4.37
CC(=O)NC1:C:C:C(Cl):C:C:1,-2.843
ClC1:C:C:C(Cl):C(C2:C(Cl):C(Cl):C(Cl):C(Cl):C:2Cl):C:1,-8.94
CCC(C)(C)C,-3.55
CNC1:C:C:C:C:C:1,-1.28
C=CCC=C,-2.09
CC(=O)OCC(=O)C1(O)CCC2C3CCC4=CC(=O)CCC4(C)C3C(O)CC21C,-4.88
CC1:C:C([N+](=O)[O-]):C:C([N+](=O)[O-]):C:1O,-1.456
O=C1NC2:C:C:C(Cl):C:C:2C(C2:C:C:C:C:C:2Cl)=NC1O,-3.604
OC1:C:C:C:C(Cl):C:1,-0.7
ClC1:C:C:C:C(Br):C:1,-3.21
NS(=O)(=O)C1:C:C2:C(:C:C:1Cl)N=CNS2(=O)=O,-3.05
CCC1(C)C(=O)NC(=O)NC1=O,-1.228
OCCOC1:C:C:C:C:C:1,-0.7
C1:C:C:C(CC2:C:C:C:C:C:2):C:C:1,-4.08
CCCCCC(O)CC,-1.98
CCN(CC1:C(F):C:C:C:C:1Cl)C1:C([N+](=O)[O-]):C:C(C(F)(F)F):C:C:1[N+](=O)[O-],-6.78
CC(C)NC1:N:C(Cl):N:C(NC(C)C):N:1,-4.43
CCCC(C)CO,-1.11
CCCCC(C)(C)O,-1.08
CCC1:C:C:C:C:C:1,-2.77
CCC1(CC=C(C)C)C(=O)NC(=O)NC1=O,-2.253
ClC1=C(Cl)C2(Cl)C3C(Cl)C=CC3C1(Cl)C2(Cl)Cl,-6.317
C=C(Br)CC1(C(C)CC)C(=O)NC(=O)NC1=O,-2.647
CC1(C)C(C(=O)OC(C#N)C2:C:C:C:C(OC3:C:C:C:C:C:3):C:2)C1(C)C,-6.025
COC(C)(C)CCCC(C)CC=CC(C)=CC(=O)OC(C)C,-5.19
CCOC(=O)CC,-0.66
CSC1:N:C(NC(C)C):N:C(NC(C)C):N:1,-4.1
C#CC(C)N(C)C(=O)NC1:C:C:C(Cl):C:C:1,-3.9
CC1:C:C2:C:C:C:C:C:2:C:C:1C,-4.72
ClC1:C:C:C(C2:C:C(Cl):C:C:C:2Cl):C:C:1,-6.25
ClC1:C:C:C(C2:C:C(Cl):C(Cl):C(Cl):C:2Cl):C(Cl):C:1,-7.39
N#CN=C(N)N,-0.31
O=[N+]([O-])C(Cl)(Cl)Cl,-2
ClC1:C:C:C:C(Cl):C:1C1:C:C:C:C:C:1,-5.21
COC1:C:C:C(C=O):C:C:1,-1.49
CC(=O)NC1:C:C:C([N+](=O)[O-]):C:C:1,-2.692
CCCCCCC(=O)OCC,-2.74
CC(=O)NC1:C:C:C(O):C:C:1,-1.03
C1:C:C:C2:[NH]:N:C:C:2:C:1,-2.16
CC1(C)OC2CC3C4CCC5=CC(=O)C=CC5(C)C4(F)C(O)CC3(C)C2(C(=O)CO)O1,-4.31
NC1:N:C2:[NH]:C:N:C:2:C(=O):[NH]:1,-3.583
COC(C)=O,0.46
CC12CCC3C(CCC4CC(=O)CCC43C)C1CCC2O,-4.743
C=CC(O)CCC,-0.59
O=C1NC(=O)C2C3C(C(O)(C4:C:C:C:C:C:4)C4:C:C:C:C:N:4)=CC(C3=C(C3:C:C:C:C:C:3)C3:C:C:C:C:N:3)C12,-3.931
CCCCOCCCC,-1.85
CCCCCCCCCCCCO,-4.8
CCN1C2:N:C(N(C)CCO):C:C:C:2NC(=O)C2:C:C:C:N:C:21,-3.36
CCCC(C)(C)O,-0.49
NC1:N:C(=O):[NH]:C:C:1F,-0.972
CCCCOC1:C:C:C(C(=O)OCC):C(N(CC)CC):C:1,-3.84
CCCCCC(C)(C)O,-1.72
CC1:C(C):C(C):C(C):C(C):C:1C,-5.23
CC1:C:C:C(C(C)C):C(O):C:1,-2.22
C1:C:N:C2:N:C:N:C:C:2:N:1,0.02
CCOP(=S)(OCC)OC1:C:C:C([N+](=O)[O-]):C:C:1,-4.66
C,-0.9
C1:C:C:C2:C(:C:1)CCN2,-1.04
O=[N+]([O-])C1:C:C:C:C2:C:C:C:C:C:1:2,-3.54
CCC(C)C(C)=O,-0.67
NC1:N:C(O):N:C2:N:C:[NH]:C:1:2,-3.401
O=C1:O:C2:C:C:C:C:C:2:C(O):C:1C(CC(O)C1:C:C:C(C2:C:C:C(Br):C:C:2):C:C:1)C1:C:C:C:C:C:1,-4.445
C[N+](=O)[O-],0.26
CC(C)N(C(=O)SCC(Cl)=C(Cl)Cl)C(C)C,-4.88
C=CCCC=C,-2.68
C1:C:C:C2:[NH]:C:C:C:2:C:1,-1.52
CC12CCC3C(CCC4=CC(=O)CCC43C)C1CCC2=O,-3.69
C=CCCCC,-3.23
CC1:C:C:C:C(C):C:1NC(=O)C1:C:C(S(N)(=O)=O):C(Cl):C:C:1O,-3.79
CCC1CCCCC1,-4.25
CCCCCCCC(C)=O,-2.58
COC(=O)NC1:N:C2:C:C:C(C(=O)C3:C:C:C:C:C:3):C:C:2:[NH]:1,-3.88
CC(C)OC(=O)NC1:C:C:C:C(Cl):C:1,-3.38
CCN1C2:N:C:C:C:C:2C(=O)N(C)C2:C:C:C(Cl):N:C:21,-4.114
CNC(=O)OC1:C:C:C:C2:C:C:C:C:C:1:2,-3.224
C#C,0.29
CC1:C:N:C:C(C):C:1,0.38
C1=CCC=CC1,-2.06
CCOC(=O)N(C)C(=O)CSP(=S)(OCC)OCC,-2.518
CC(O)C1:C:C:C:C:C:1,-0.92
CC(Cl)CCl,-1.6
CCCC=C(C=O)CC,-2.46
CCOP(=S)(OCC)SCCSCC,-4.23
CC(=O)OC1(C)CCC2C3CCC4=CC(=O)CCC4(C)C3CCC21C,-5.284
ClC1:C:C:C(C2:C(Cl):C:C:C:C:2Cl):C:C:1,-6.14
O=C(NC(=O)C1:C(F):C:C:C:C:1F)NC1:C:C:C(Cl):C:C:1,-6.02
OC1:C:C(Cl):C:C:C:1OC1:C:C:C(Cl):C:C:1Cl,-4.46
CC(C)CCCCCOC(=O)C1:C:C:C:C:C:1C(=O)OCCCCCC(C)C,-6.637
CC12CCC(=O)C=C1CCC1C2C(O)CC2(C)C(C(=O)CO)CCC12,-3.24
CC1:C:C(C):C:C(C):C:1,-3.4
CCCCCCCCOC(=O)C1:C:C:C:C:C:1C(=O)OCCCCCCCC,-5.115
CCCCCCCCCCCCCCCO,-6.35
ClC1:C:C:C:C(Cl):C:1C1:C(Cl):C:C:C:C:1Cl,-7.39
CC1(C)C(=O)NC(=O)NC1=O,-1.742
CC(C)I,-2.09
O=[N+]([O-])C1:C:C:C:C:C:1[N+](=O)[O-],-3.1
CC(=O)C(C)C,-0.12
CCCCCCCCCCCCCCCC,-8.4
CC12CCC(CC1)C(C)(C)O2,-1.74
CC1:C:C:C:C2:S:C3:N:N:C:N:3:C:1:2,-2.07
CCCCCCC(C)=O,-2.05
CCCCCCCCC(=O)OC,-3.38
FC1:C:C:C(F):C:C:1,-1.97
O=C1CCC(N2C(=O)C3:C:C:C:C:C:3C2=O)C(=O)N1,-2.676
CCCN(CCC)C1:C([N+](=O)[O-]):C:C(C(F)(F)F):C:C:1[N+](=O)[O-],-5.68
CCO,1.1
O=C1NC(=O)C2(CCCC2)C(=O)N1,-2.349
CCNC(=O)C(C)OC(=O)NC1:C:C:C:C:C:1,-1.83
CC(C)=CC1C(C(=O)OCC2:C:C:C:C(OC3:C:C:C:C:C:3):C:2)C1(C)C,-5.24
CN(C)C(=O)NC1CCCCCCC1,-2.218
ClC1(Cl)C2(Cl)C3(Cl)C4(Cl)C(Cl)(Cl)C5(Cl)C3(Cl)C1(Cl)C5(Cl)C24Cl,-6.8
CCCCCCCCBr,-5.06
CCCCNC(=O)N1:C(NC(=O)OC):N:C2:C:C:C:C:C:2:1,-4.883
CC1:C(N(C)C):C(=O):N(C2:C:C:C:C:C:2):N:1C,-0.364
CCC(O)CC,-0.24
CC1:C:C:C([N+](=O)[O-]):C:C:1,-2.49
CC(C)CCCO,-1.14
C#CC1(O)CCC2C3CCC4=CC(=O)CCC4(O)C3CCC21C,-4.57
CC(C)OC(=O)C(O)(C1:C:C:C(Br):C:C:1)C1:C:C:C(Br):C:C:1,-4.93
NC1:C:N:N(C2:C:C:C:C:C:2):C(=O):C:1Cl,-2.878
CCC(C)(C)O,0.15
CC1:C:C:C(O):C:C:1,-0.73
CCOC=O,0.15
CN(C)C1:C:C:C:C:C:1,-1.92
C1CCC2CCCCC2C1,-5.19
CCCCS,-2.18
C1:C:C:C2:C(:C:1):C1:C:C:C:C3:C:C:C4:C:C:C:C:2:C:4:C:3:1,-7.8
ClC(Cl)=C(Cl)Cl,-2.54
CCC(=O)CC,-0.28
C=CC#N,0.15
CC1CC2C3CC(F)C4=CC(=O)C=CC4(C)C3(F)C(O)CC2(C)C1(O)C(=O)CO,-5.613
CCCCC(C)=O,-0.8
CCNC1:N:C(NC(C)(C)C):N:C(OC):N:1,-3.239
CCCCC(C)CC,-5.16
BrCCBr,-1.68
CNC(=O)OC1:C:C:C:C:C:1C(C)C,-2.863
O=C1NCCN1C1:N:C:C([N+](=O)[O-]):S:1,-3.22
C1:C:C:C2:C(:C:1)CC1:C2:C:C:C2:C:C:C:C:C:1:2,-6.68
COC1:C:C:C:C:C:1Cl,-2.46
COP(=S)(OC)OC1:C:C(Cl):C(Br):C:C:1Cl,-6.09
O=C(CC(Cl)Cl)NC1=C(Cl)C(=O)C2:C:C:C:C:C:2C1=O,-5.03
ClC1:C:C:C(C(C2:C:C:C(Cl):C:C:2)C(Cl)Cl):C:C:1,-7.2
C=CC(=O)OC,-0.22
CN(C)C(=O)NC1:C:C:C(OC2:C:C:C(Cl):C:C:2):C:C:1,-4.89
C1:C:C:C(N=NC2:C:C:C:C:C:2):C:C:1,-4.45
CC1:C:C:C(C(C)C):C:C:1,-3.77
OC1:C(Cl):C:C:C:C:1Cl,-1.79
OCC1OC(OC2(CO)OC(CO)C(O)C2O)C(O)C(O)C1O,0.79
OC1C(O)C(O)C(O)C(O)C1O,0.35
CN1:C(=O):C2:C(:N:C:N:2CC(O)CO):N(C):C:1=O,-0.17
O=C(NC(CO)C(O)C1:C:C:C([N+](=O)[O-]):C:C:1)C(Cl)Cl,-2.111
CCC(O)(CC)CC,-0.85
CC12CCC3C(CCC4CC5SC5CC43C)C1CCC2O,-5.41
BrC1:C:C:C:C:C:1Br,-3.5
OC1:C(Cl):C:C(Cl):C:C:1Cl,-2.34
CCCN(CCC)C1:C([N+](=O)[O-]):C:C(S(N)(=O)=O):C:C:1[N+](=O)[O-],-5.16
O=C1C2:C:C:C:C:C:2CC2:C:C:C:C:C:2N1CCF,-4.799
CC(C)C(=O)C(C)C,-1.3
CC(C)=CCC1(C(C)C)C(=O)NC(=O)NC1=O,-2.593
COC1=CC2OC3C=CC(O)=CC3C(=O)C2C(O)=C1,-2.943
CN1:C(=O):C2:C(:N:C:N:2C):N(C):C:1=O,-0.876
CC(=O)SC1CC2=CC(=O)CCC2(C)C2CCC3(C)C(CCC34CCC(=O)O4)C12,-4.173
CC1:C:C:C(O):C:C:1C,-1.38
C1:C:C:C(OC2:C:C:C:C:C:2):C:C:1,-3.96
ClC1:C:C(Cl):C(C2:C:C(Cl):C(Cl):C:C:2Cl):C:C:1Cl,-8.56
NC(=O)C1:C:C:C:N:C:1,0.61
SC1:C:C:C:C:C:1,-2.12
CNC(=O)OC1:C:C(C):C:C(C):C:1,-2.581
ClC1=C(Cl)C2(Cl)C3C(Cl)C(Cl)CC3C1(Cl)C2(Cl)Cl,-6.86
CSSC,-1.44
NC(=O)C1:C:C:C:C:C:1,-0.96
ClC1:C:C:C:C:C:1Br,-3.19
COC(=O)C1:C:C:C:C:C:1OC1OC(COC2OCC(O)C(O)C2O)C(O)C(O)C1O,-0.742
CCCCC(O)CC,-1.47
CCN1C2:N:C:C:C:C:2C(=O)NC2:C(C):C:C(C):N:C:21,-4.554
OC1:C:C(Cl):C:C(Cl):C:1,-1.34
CC1:C:C:C:C2:C:1:C:C:C1:C:C:C:C:C:1:2,-5.85
CCCCC(CC)CO,-2.11
CC(C)N(C(=O)SCC(Cl)=CCl)C(C)C,-4.286
CC1:C:C:C:C:C:1,-2.21
ClC1:C:C:C:C(C(Cl)(Cl)Cl):N:1,-3.76
C1=CCCCCC1,-3.18
CN(C)C(=S)SSC(=S)N(C)C,-3.9
COC1=CC(=O)CC(C)C12OC1:C(Cl):C(OC):C:C(OC):C:1C2=O,-3.246
CCCCCCCCCCO,-3.63
CCC(C)(C)CC,-4.23
CNC(=O)C(C)SCCSP(=O)(OC)OC,1.144
OC1:C:C(Cl):C(Cl):C(Cl):C:1Cl,-3.15
CCCC=O,-0.01
CC(=O)OCC(=O)C1(O)C(C)CC2C3CCC4=CC(=O)C=CC4(C)C3(F)C(O)CC21C,-4.9
CCCC,-2.57
COC1:C:C:C:C:C:1O,-1.96
CC(=O)C1(O)CCC2C3CC(C)C4=CC(=O)C=CC4(C)C3(F)C(O)CC21C,-4.099
ClC(Cl)C(Cl)(Cl)Cl,-2.6
CCOC(=O)C1:C:C:C:C:C:1C(=O)OCC,-2.35
CC(C)CO,0.1
CC(C)CC1:C:C:C:C:C:1,-4.12
ICI,-2.34
CCCC(O)CCC,-1.4
CCCCCOC(C)=O,-1.89
OC1:C(Cl):C(Cl):C:C(Cl):C:1Cl,-3.37
CCCC1:C:C:C:C:C:1,-3.37
FC(F)(Cl)C(F)(F)Cl,-2.74
CC=CC=O,0.32
CN(C)C(=O)N(C)C,0.94
CC1:C:C(C):C(C):C:C:1C,-4.59
C#CC1(OC(C)=O)CCC2C3CCC4=CC(=O)CCC4C3CCC21C,-4.8
CCOP(=S)(OCC)N1C(=O)C2:C:C:C:C:C:2C1=O,-3.35
O=C(NC1:C:C:C:C:C:1)C1:C:C:C:C:C:1O,-3.59
C=C(Cl)CSC(=S)N(CC)CC,-3.39
CCCl,-1.06
CC(=O)NC1:C:C(NS(=O)(=O)C(F)(F)F):C(C):C:C:1C,-3.24
O=C(C=CC=CC1:C:C:C2:C(:C:1)OCO2)N1CCCCC1,-3.46
C/C=C\CC,-2.54
CNC(=O)ON=C(CSC)C(C)(C)C,-1.62
O=C1NC(=O)C2(CCCCCCC2)C(=O)N1,-2.982
CNC(=O)OC1:C:C(C(C)(C)C):C:C(C(C)(C)C):C:1,-4.24
O=C1CC(C2:C:C:C(O):C(O):C:2)OC2:C:C(O):C:C(O):C:21,-3.62
O=C(C1:C:C:C:C:C:1)C1:C:C:C:C:C:1,-3.12
CCCCCCCCCCCCCCCCCCCC,-8.172
C1:C:C:C(NNC2:C:C:C:C:C:2):C:C:1,-2.92
CCC(CC)CO,-1.17
OC1:C:C:N:C:C:1,1.02
Cl/C=C\Cl,-1.3
CC1CCCC1,-3.3
CC(C)CC(C)O,-0.8
CC1:C:C:C2:C(:C:1)C(=O)N(C)C1:C:C(N):C:C:C:1O2,-3.928
CC(C)(C)CO,-0.4
CC(C)(C)C(=O)C(OC1:C:C:C(Cl):C:C:1)N1:C:N:C:N:1,-3.61
CC1:C:C(C(=O)NNCC2:C:C:C:C:C:2):N:O:1,-2.461
C=CC,-1.08
OC1:C:C:C(Cl):C:C:1CC1:C:C(Cl):C:C:C:1O,-3.953
CCOC(=O)NC1:C:C:C:C(OC(=O)NC2:C:C:C:C:C:2):C:1,-4.632
O=C1C2:C:C:C:C:C:2C(=O)C2:C:C:C:C:C:21,-5.19
CCCCCCC(C)O,-2.09
CC1=C(C(=O)NC2:C:C:C:C:C:2)S(=O)(=O)CCO1,-2.281
CCCCC1:C:C:C:C:C:1,-4.06
O=C1NC(=O)C(=O)N1,-0.4
COP(=S)(OC)OC1:C:C:C(SC2:C:C:C(OP(=S)(OC)OC):C:C:2):C:C:1,-6.237
NS(=O)(=O)C1:C:C(C2(O)NC(=O)C3:C:C:C:C:C:32):C:C:C:1Cl,-3.451
CC(=O)OCC(C)C,-1.21
CC(C)C(C)(C)C,-4.36
ClC1:C:C:C(C2:C(Cl):C:C(Cl):C(Cl):C:2Cl):C(Cl):C:1Cl,-7.66
N#CC1:C:C:C:C:C:1C#N,-2.38
CC1:C:C:C:C([N+](=O)[O-]):C:1,-2.44
FC(F)(F)C(Cl)Br,-1.71
CNC(=O)ON=C(SC)C(=O)N(C)C,0.106
CCSCCSP(=S)(OC)OC,-3.091
CCC(C)C,-3.18
COP(=O)(OC)OC(=CCl)C1:C:C(Cl):C(Cl):C:C:1Cl,-4.522
